1766208270	oracle-cdc-test-cadvisor-1	4.700766242397598
1766208280	oracle-cdc-test-cadvisor-1	8.31122333422329
1766208290	oracle-cdc-test-cadvisor-1	9.909481517042726
1766208300	oracle-cdc-test-cadvisor-1	10.295877813761944
1766208310	oracle-cdc-test-cadvisor-1	10.402753033468967
1766208320	oracle-cdc-test-cadvisor-1	12.318120162770285
1766208330	oracle-cdc-test-cadvisor-1	12.045675621086646
1766208340	oracle-cdc-test-cadvisor-1	10.594955665024633
1766208350	oracle-cdc-test-cadvisor-1	10.224462644826204
1766208360	oracle-cdc-test-cadvisor-1	11.495887487136484
1766208370	oracle-cdc-test-cadvisor-1	12.383804565478574
1766208380	oracle-cdc-test-cadvisor-1	10.652423379944723
1766208390	oracle-cdc-test-cadvisor-1	11.565029973181886
1766208400	oracle-cdc-test-cadvisor-1	13.574101694915253
1766208410	oracle-cdc-test-cadvisor-1	12.896923139786704
1766208420	oracle-cdc-test-cadvisor-1	10.562763048389016
1766208430	oracle-cdc-test-cadvisor-1	9.014517819706496
1766208440	oracle-cdc-test-cadvisor-1	9.644155586425878
1766208450	oracle-cdc-test-cadvisor-1	11.14708640046059
1766208460	oracle-cdc-test-cadvisor-1	11.819818280331765
1766208470	oracle-cdc-test-cadvisor-1	12.91776941526755
1766208480	oracle-cdc-test-cadvisor-1	12.968524878539112
1766208490	oracle-cdc-test-cadvisor-1	11.996540067607873
1766208500	oracle-cdc-test-cadvisor-1	10.721956565861579
1766208510	oracle-cdc-test-cadvisor-1	11.231799734801303
1766208520	oracle-cdc-test-cadvisor-1	11.949536031589346
1766208530	oracle-cdc-test-cadvisor-1	10.600303631431924
1766208540	oracle-cdc-test-cadvisor-1	9.728989061465994
1766208550	oracle-cdc-test-cadvisor-1	10.672645846544084
1766208560	oracle-cdc-test-cadvisor-1	10.814880421564649
1766208570	oracle-cdc-test-cadvisor-1	10.282821646662448
1766208580	oracle-cdc-test-cadvisor-1	9.25561104230754
1766208590	oracle-cdc-test-cadvisor-1	10.605090661104
1766208600	oracle-cdc-test-cadvisor-1	10.616650579150583
1766208610	oracle-cdc-test-cadvisor-1	10.269637381171405
1766208620	oracle-cdc-test-cadvisor-1	10.286193316957126
1766208630	oracle-cdc-test-cadvisor-1	11.949980097126026
1766208640	oracle-cdc-test-cadvisor-1	12.207304397255275
1766208650	oracle-cdc-test-cadvisor-1	12.091429029157323
1766208660	oracle-cdc-test-cadvisor-1	11.563650607128858
1766208670	oracle-cdc-test-cadvisor-1	10.042482758620697
1766208680	oracle-cdc-test-cadvisor-1	9.016052337641602
1766208690	oracle-cdc-test-cadvisor-1	9.39682805947388
1766208700	oracle-cdc-test-cadvisor-1	10.582714843750008
1766208710	oracle-cdc-test-cadvisor-1	9.868121449408887
1766208720	oracle-cdc-test-cadvisor-1	9.723088953310958
1766208730	oracle-cdc-test-cadvisor-1	10.804076602965546
1766208740	oracle-cdc-test-cadvisor-1	12.175834011391364
1766208750	oracle-cdc-test-cadvisor-1	12.692471187573059
1766208760	oracle-cdc-test-cadvisor-1	11.26797899226032
1766208770	oracle-cdc-test-cadvisor-1	10.894340761000725
1766208780	oracle-cdc-test-cadvisor-1	11.049504950495049
1766208790	oracle-cdc-test-cadvisor-1	11.719907156673107
1766208800	oracle-cdc-test-cadvisor-1	12.094743774439179
1766208810	oracle-cdc-test-cadvisor-1	11.069181648092407
1766208820	oracle-cdc-test-cadvisor-1	10.079850927651304
1766208830	oracle-cdc-test-cadvisor-1	10.082022058823542
1766208840	oracle-cdc-test-cadvisor-1	11.427373515906165
1766208850	oracle-cdc-test-cadvisor-1	12.878514436127327
1766208860	oracle-cdc-test-cadvisor-1	13.529911614203746
1766208870	oracle-cdc-test-cadvisor-1	12.091085444711064
1766208880	oracle-cdc-test-cadvisor-1	10.205657198824646
1766208890	oracle-cdc-test-cadvisor-1	10.039286991773004
1766208900	oracle-cdc-test-cadvisor-1	10.085031539027108
1766208910	oracle-cdc-test-cadvisor-1	10.161986439583517
1766208920	oracle-cdc-test-cadvisor-1	10.249673123486666
1766208930	oracle-cdc-test-cadvisor-1	11.16979847494551
1766208940	oracle-cdc-test-cadvisor-1	12.015173039737967
1766208950	oracle-cdc-test-cadvisor-1	11.1751234989357
1766208960	oracle-cdc-test-cadvisor-1	10.196373916000683
1766208970	oracle-cdc-test-cadvisor-1	9.849018554485724
1766208980	oracle-cdc-test-cadvisor-1	12.010807893259628
1766208990	oracle-cdc-test-cadvisor-1	13.031399451195599
1766209000	oracle-cdc-test-cadvisor-1	13.049045138888879
1766209010	oracle-cdc-test-cadvisor-1	11.09809768431194
1766209020	oracle-cdc-test-cadvisor-1	9.711560492298139
1766209030	oracle-cdc-test-cadvisor-1	10.302864229138365
1766209040	oracle-cdc-test-cadvisor-1	10.16441190144119
1766209050	oracle-cdc-test-cadvisor-1	11.730325992580354
1766209060	oracle-cdc-test-cadvisor-1	14.090883117990682
1766209070	oracle-cdc-test-cadvisor-1	12.230501698980618
1766209080	oracle-cdc-test-cadvisor-1	10.204322688293043
1766209090	oracle-cdc-test-cadvisor-1	10.02478900309183
1766209100	oracle-cdc-test-cadvisor-1	9.934169216707074
1766209110	oracle-cdc-test-cadvisor-1	10.033615842229663
1766209120	oracle-cdc-test-cadvisor-1	10.01649611785784
1766209130	oracle-cdc-test-cadvisor-1	10.575239745811633
1766209140	oracle-cdc-test-cadvisor-1	11.046844265468911
1766209150	oracle-cdc-test-cadvisor-1	12.081490490051426
1766209160	oracle-cdc-test-cadvisor-1	11.187301968314948
1766209170	oracle-cdc-test-cadvisor-1	9.887525008826618
1766209180	oracle-cdc-test-cadvisor-1	10.758529956763416
1766209190	oracle-cdc-test-cadvisor-1	10.873858504766671
1766209200	oracle-cdc-test-cadvisor-1	11.174899019042133
1766209210	oracle-cdc-test-cadvisor-1	11.110675433353258
1766209220	oracle-cdc-test-cadvisor-1	11.624873689924431
1766209230	oracle-cdc-test-cadvisor-1	11.55917949951876
1766209240	oracle-cdc-test-cadvisor-1	9.859752920745208
1766209250	oracle-cdc-test-cadvisor-1	9.29009271112144
1766209260	oracle-cdc-test-cadvisor-1	9.903783634498515
1766209270	oracle-cdc-test-cadvisor-1	10.107178396597396
1766209280	oracle-cdc-test-cadvisor-1	10.128039856121056
1766209290	oracle-cdc-test-cadvisor-1	9.582783697596646
1766209300	oracle-cdc-test-cadvisor-1	9.576569515557281
1766209310	oracle-cdc-test-cadvisor-1	9.929159960144078
1766209320	oracle-cdc-test-cadvisor-1	10.586378428637854
1766208270	oracle-cdc-test-olr-1	0.4229673418373922
1766208280	oracle-cdc-test-olr-1	0.3168467864848735
1766208290	oracle-cdc-test-olr-1	0.7863222253715024
1766208300	oracle-cdc-test-olr-1	0.7976679443211621
1766208310	oracle-cdc-test-olr-1	0.8921787503684057
1766208320	oracle-cdc-test-olr-1	0.4772031395710289
1766208330	oracle-cdc-test-olr-1	0.7897040537179807
1766208340	oracle-cdc-test-olr-1	10.353580022880585
1766208350	oracle-cdc-test-olr-1	10.629799567293952
1766208360	oracle-cdc-test-olr-1	3.230001945146859
1766208370	oracle-cdc-test-olr-1	9.326048422833665
1766208380	oracle-cdc-test-olr-1	12.765617433414045
1766208390	oracle-cdc-test-olr-1	12.880279314267781
1766208400	oracle-cdc-test-olr-1	2.5471160609613124
1766208410	oracle-cdc-test-olr-1	0.3446774326439819
1766208420	oracle-cdc-test-olr-1	7.396247829072255
1766208430	oracle-cdc-test-olr-1	18.96947624847747
1766208440	oracle-cdc-test-olr-1	20.210974244120944
1766208450	oracle-cdc-test-olr-1	1.8865208762986942
1766208460	oracle-cdc-test-olr-1	2.4031699488845764
1766208470	oracle-cdc-test-olr-1	2.9774359183340775
1766208480	oracle-cdc-test-olr-1	3.6972181210661335
1766208490	oracle-cdc-test-olr-1	5.125847287877576
1766208500	oracle-cdc-test-olr-1	12.45165331853144
1766208510	oracle-cdc-test-olr-1	12.143945093644954
1766208520	oracle-cdc-test-olr-1	1.641594202898549
1766208530	oracle-cdc-test-olr-1	7.209150983498856
1766208540	oracle-cdc-test-olr-1	8.437217120367336
1766208550	oracle-cdc-test-olr-1	3.99459078459803
1766208560	oracle-cdc-test-olr-1	3.006045697131426
1766208570	oracle-cdc-test-olr-1	6.192357856919713
1766208580	oracle-cdc-test-olr-1	7.497302558398205
1766208590	oracle-cdc-test-olr-1	4.946940761464531
1766208600	oracle-cdc-test-olr-1	4.450532166508996
1766208610	oracle-cdc-test-olr-1	5.1154276965228345
1766208620	oracle-cdc-test-olr-1	5.803428320561943
1766208630	oracle-cdc-test-olr-1	4.001141053653807
1766208640	oracle-cdc-test-olr-1	3.792292300304154
1766208650	oracle-cdc-test-olr-1	2.7536364013095236
1766208660	oracle-cdc-test-olr-1	2.449153261582376
1766208670	oracle-cdc-test-olr-1	3.545515572554841
1766208680	oracle-cdc-test-olr-1	3.053553013213017
1766208690	oracle-cdc-test-olr-1	2.079618648994305
1766208700	oracle-cdc-test-olr-1	1.8600520177185442
1766208710	oracle-cdc-test-olr-1	2.6087637307769227
1766208720	oracle-cdc-test-olr-1	2.6529519918283957
1766208730	oracle-cdc-test-olr-1	1.9305610775284914
1766208740	oracle-cdc-test-olr-1	0.9272991522002422
1766208750	oracle-cdc-test-olr-1	0.6350980951992479
1766208760	oracle-cdc-test-olr-1	0.6998996642611799
1766208770	oracle-cdc-test-olr-1	0.6752603767805055
1766208780	oracle-cdc-test-olr-1	0.8525904954499434
1766208790	oracle-cdc-test-olr-1	0.8427499605117704
1766208800	oracle-cdc-test-olr-1	1.4965803439607326
1766208810	oracle-cdc-test-olr-1	1.865718207912143
1766208820	oracle-cdc-test-olr-1	3.0320649334994174
1766208830	oracle-cdc-test-olr-1	2.4755004955401385
1766208840	oracle-cdc-test-olr-1	2.4733001988071566
1766208850	oracle-cdc-test-olr-1	1.7800180091683042
1766208860	oracle-cdc-test-olr-1	1.636682640896669
1766208870	oracle-cdc-test-olr-1	1.4991524146764101
1766208880	oracle-cdc-test-olr-1	2.45976664654999
1766208890	oracle-cdc-test-olr-1	2.477149339599708
1766208900	oracle-cdc-test-olr-1	1.2787592991585024
1766208910	oracle-cdc-test-olr-1	2.1439333435724155
1766208920	oracle-cdc-test-olr-1	1.9669278635630327
1766208930	oracle-cdc-test-olr-1	1.5347600308328933
1766208940	oracle-cdc-test-olr-1	2.5210341805433836
1766208950	oracle-cdc-test-olr-1	2.9943865080658303
1766208960	oracle-cdc-test-olr-1	3.11658754863813
1766208970	oracle-cdc-test-olr-1	3.031541625857002
1766208980	oracle-cdc-test-olr-1	1.7766685193894576
1766208990	oracle-cdc-test-olr-1	1.0181730999760237
1766209000	oracle-cdc-test-olr-1	0.8727450354892748
1766209010	oracle-cdc-test-olr-1	2.0074272737950722
1766209020	oracle-cdc-test-olr-1	2.9459586428428044
1766209030	oracle-cdc-test-olr-1	2.5994494595798074
1766209040	oracle-cdc-test-olr-1	2.695165673034026
1766209050	oracle-cdc-test-olr-1	1.1507108606040226
1766209060	oracle-cdc-test-olr-1	1.3985692386305566
1766209070	oracle-cdc-test-olr-1	1.7547274611398989
1766209080	oracle-cdc-test-olr-1	2.4869287991498394
1766209090	oracle-cdc-test-olr-1	2.287642346658292
1766209100	oracle-cdc-test-olr-1	1.8709523430662744
1766209110	oracle-cdc-test-olr-1	2.2604322655345452
1766209120	oracle-cdc-test-olr-1	2.4923548269285387
1766209130	oracle-cdc-test-olr-1	1.8202473075388887
1766209140	oracle-cdc-test-olr-1	1.141120445849274
1766209150	oracle-cdc-test-olr-1	1.0381549755959814
1766209160	oracle-cdc-test-olr-1	2.3930547334359327
1766209170	oracle-cdc-test-olr-1	2.5088504285772877
1766209180	oracle-cdc-test-olr-1	2.515144342533492
1766209190	oracle-cdc-test-olr-1	1.0811220745331493
1766209200	oracle-cdc-test-olr-1	1.0542592440764098
1766209210	oracle-cdc-test-olr-1	1.7055315544260887
1766209220	oracle-cdc-test-olr-1	1.8882165096599024
1766209230	oracle-cdc-test-olr-1	1.7214509351569545
1766209240	oracle-cdc-test-olr-1	2.4795556644613246
1766209250	oracle-cdc-test-olr-1	2.525080436317972
1766209260	oracle-cdc-test-olr-1	2.0340280905777792
1766209270	oracle-cdc-test-olr-1	2.1605949335753794
1766209280	oracle-cdc-test-olr-1	2.449014797507788
1766209290	oracle-cdc-test-olr-1	2.858477350905548
1766209300	oracle-cdc-test-olr-1	2.6644035660978673
1766209310	oracle-cdc-test-olr-1	1.8492230475808085
1766209320	oracle-cdc-test-olr-1	0.7061597406425033
1766208270	oracle-cdc-test-oracle-1	19.919688148777897
1766208280	oracle-cdc-test-oracle-1	44.32057363721399
1766208290	oracle-cdc-test-oracle-1	92.37106493063456
1766208300	oracle-cdc-test-oracle-1	67.37717080449289
1766208310	oracle-cdc-test-oracle-1	29.253254877014424
1766208320	oracle-cdc-test-oracle-1	5.1544446652096125
1766208330	oracle-cdc-test-oracle-1	17.389882776585967
1766208340	oracle-cdc-test-oracle-1	35.55442978872417
1766208350	oracle-cdc-test-oracle-1	38.48240252492207
1766208360	oracle-cdc-test-oracle-1	21.541226451364846
1766208370	oracle-cdc-test-oracle-1	16.408479414602787
1766208380	oracle-cdc-test-oracle-1	18.083151838915132
1766208390	oracle-cdc-test-oracle-1	16.042184526942236
1766208400	oracle-cdc-test-oracle-1	8.211773126475036
1766208410	oracle-cdc-test-oracle-1	8.512964891091569
1766208420	oracle-cdc-test-oracle-1	14.05388433658999
1766208430	oracle-cdc-test-oracle-1	16.285709850190177
1766208440	oracle-cdc-test-oracle-1	12.255364328114426
1766208450	oracle-cdc-test-oracle-1	7.181899249061314
1766208460	oracle-cdc-test-oracle-1	6.428891314165301
1766208470	oracle-cdc-test-oracle-1	7.506154217449007
1766208480	oracle-cdc-test-oracle-1	6.927538620768963
1766208490	oracle-cdc-test-oracle-1	8.91556462814091
1766208500	oracle-cdc-test-oracle-1	13.266846882399358
1766208510	oracle-cdc-test-oracle-1	13.881366220664324
1766208520	oracle-cdc-test-oracle-1	8.544972324723235
1766208530	oracle-cdc-test-oracle-1	14.499607400910486
1766208540	oracle-cdc-test-oracle-1	15.084437203093717
1766208550	oracle-cdc-test-oracle-1	10.690978478970768
1766208560	oracle-cdc-test-oracle-1	13.097306755934282
1766208570	oracle-cdc-test-oracle-1	18.513683875839597
1766208580	oracle-cdc-test-oracle-1	21.282031583440023
1766208590	oracle-cdc-test-oracle-1	16.20926424870467
1766208600	oracle-cdc-test-oracle-1	25.66187666919119
1766208610	oracle-cdc-test-oracle-1	28.125600259571744
1766208620	oracle-cdc-test-oracle-1	20.921780206744632
1766208630	oracle-cdc-test-oracle-1	12.697794231065831
1766208640	oracle-cdc-test-oracle-1	14.256500193573393
1766208650	oracle-cdc-test-oracle-1	14.574652056901213
1766208660	oracle-cdc-test-oracle-1	15.049862012987017
1766208670	oracle-cdc-test-oracle-1	19.63504707941007
1766208680	oracle-cdc-test-oracle-1	17.884106766185283
1766208690	oracle-cdc-test-oracle-1	13.340288854501473
1766208700	oracle-cdc-test-oracle-1	10.242886333587087
1766208710	oracle-cdc-test-oracle-1	13.829973707274357
1766208720	oracle-cdc-test-oracle-1	17.910052214117695
1766208730	oracle-cdc-test-oracle-1	25.35433587140438
1766208740	oracle-cdc-test-oracle-1	20.719866916364545
1766208750	oracle-cdc-test-oracle-1	20.610335082761424
1766208760	oracle-cdc-test-oracle-1	30.416798129137074
1766208770	oracle-cdc-test-oracle-1	27.88286311389757
1766208780	oracle-cdc-test-oracle-1	5.684226154159065
1766208790	oracle-cdc-test-oracle-1	5.12294191055108
1766208800	oracle-cdc-test-oracle-1	10.5702378515577
1766208810	oracle-cdc-test-oracle-1	21.390012316218918
1766208820	oracle-cdc-test-oracle-1	30.983899657015275
1766208830	oracle-cdc-test-oracle-1	25.241644308164034
1766208840	oracle-cdc-test-oracle-1	24.026735006480497
1766208850	oracle-cdc-test-oracle-1	17.328642054062705
1766208860	oracle-cdc-test-oracle-1	14.509179489261511
1766208870	oracle-cdc-test-oracle-1	18.004773170630482
1766208880	oracle-cdc-test-oracle-1	25.434910582706067
1766208890	oracle-cdc-test-oracle-1	27.38528695795684
1766208900	oracle-cdc-test-oracle-1	26.17779886148004
1766208910	oracle-cdc-test-oracle-1	40.111360146100516
1766208920	oracle-cdc-test-oracle-1	38.48985102786834
1766208930	oracle-cdc-test-oracle-1	25.855664704688426
1766208940	oracle-cdc-test-oracle-1	19.31997862369485
1766208950	oracle-cdc-test-oracle-1	22.572838722475673
1766208960	oracle-cdc-test-oracle-1	25.583242190736517
1766208970	oracle-cdc-test-oracle-1	30.773879858074043
1766208980	oracle-cdc-test-oracle-1	18.30692001391728
1766208990	oracle-cdc-test-oracle-1	11.603953391593864
1766209000	oracle-cdc-test-oracle-1	12.417439407808402
1766209010	oracle-cdc-test-oracle-1	22.531800949758665
1766209020	oracle-cdc-test-oracle-1	28.522972017795418
1766209030	oracle-cdc-test-oracle-1	24.17868773368707
1766209040	oracle-cdc-test-oracle-1	24.31612590235188
1766209050	oracle-cdc-test-oracle-1	15.748869447107749
1766209060	oracle-cdc-test-oracle-1	12.368750733596755
1766209070	oracle-cdc-test-oracle-1	18.412586926286544
1766209080	oracle-cdc-test-oracle-1	26.21408247946489
1766209090	oracle-cdc-test-oracle-1	30.07147857910026
1766209100	oracle-cdc-test-oracle-1	34.12059653673051
1766209110	oracle-cdc-test-oracle-1	30.731600312256045
1766209120	oracle-cdc-test-oracle-1	29.125979861194683
1766209130	oracle-cdc-test-oracle-1	20.43673213866499
1766209140	oracle-cdc-test-oracle-1	13.6707794244492
1766209150	oracle-cdc-test-oracle-1	15.642033395458535
1766209160	oracle-cdc-test-oracle-1	23.457262439931768
1766209170	oracle-cdc-test-oracle-1	25.942126569728995
1766209180	oracle-cdc-test-oracle-1	23.297050379517863
1766209190	oracle-cdc-test-oracle-1	16.82764323685766
1766209200	oracle-cdc-test-oracle-1	20.096829337783387
1766209210	oracle-cdc-test-oracle-1	24.084683084695023
1766209220	oracle-cdc-test-oracle-1	18.635897220236373
1766209230	oracle-cdc-test-oracle-1	17.230206978119444
1766209240	oracle-cdc-test-oracle-1	23.68301334072282
1766209250	oracle-cdc-test-oracle-1	24.31781565301282
1766209260	oracle-cdc-test-oracle-1	23.5179993009981
1766209270	oracle-cdc-test-oracle-1	24.903609333058103
1766209280	oracle-cdc-test-oracle-1	27.997695483146952
1766209290	oracle-cdc-test-oracle-1	26.913004694835667
1766209300	oracle-cdc-test-oracle-1	26.144730641747486
1766209310	oracle-cdc-test-oracle-1	19.496281008623146
1766209320	oracle-cdc-test-oracle-1	11.479168334267234
1766208330	oracle-cdc-test-hammerdb-run-53c877573c0e	65.85163646693172
1766208340	oracle-cdc-test-hammerdb-run-53c877573c0e	127.52787956859946
1766208350	oracle-cdc-test-hammerdb-run-53c877573c0e	134.0075105167653
1766208360	oracle-cdc-test-hammerdb-run-53c877573c0e	48.714061549689816
1766208370	oracle-cdc-test-hammerdb-run-53c877573c0e	45.520115102202816
1766208380	oracle-cdc-test-hammerdb-run-53c877573c0e	104.93139212856417
1766208390	oracle-cdc-test-hammerdb-run-53c877573c0e	100.12649929167323
1766208400	oracle-cdc-test-hammerdb-run-53c877573c0e	10.287283733486035
1766208410	oracle-cdc-test-hammerdb-run-53c877573c0e	0.021288674425220998
1766208420	oracle-cdc-test-hammerdb-run-53c877573c0e	43.87999664654595
1766208430	oracle-cdc-test-hammerdb-run-53c877573c0e	119.84131185749365
1766208440	oracle-cdc-test-hammerdb-run-53c877573c0e	116.41319643488164
1766208450	oracle-cdc-test-hammerdb-run-53c877573c0e	27.493071854653213
1766208460	oracle-cdc-test-hammerdb-run-53c877573c0e	9.245131362543786
1766208470	oracle-cdc-test-hammerdb-run-53c877573c0e	13.344707318033297
1766208480	oracle-cdc-test-hammerdb-run-53c877573c0e	13.919629554243867
1766208490	oracle-cdc-test-hammerdb-run-53c877573c0e	42.934509560080805
1766208500	oracle-cdc-test-hammerdb-run-53c877573c0e	102.65209345168313
1766208510	oracle-cdc-test-hammerdb-run-53c877573c0e	95.48661483253589
1766208520	oracle-cdc-test-hammerdb-run-53c877573c0e	25.22345739656149
1766208530	oracle-cdc-test-hammerdb-run-53c877573c0e	51.13329142161835
1766208540	oracle-cdc-test-hammerdb-run-53c877573c0e	57.17708443864014
1766208550	oracle-cdc-test-hammerdb-run-53c877573c0e	22.011527628199783
1766208560	oracle-cdc-test-hammerdb-run-53c877573c0e	32.24576124226547
1766208570	oracle-cdc-test-hammerdb-run-53c877573c0e	55.693359002706714
1766208580	oracle-cdc-test-hammerdb-run-53c877573c0e	72.90453116181571
1766208590	oracle-cdc-test-hammerdb-run-53c877573c0e	46.9437557995669
1766208600	oracle-cdc-test-hammerdb-run-53c877573c0e	47.8317189391869
1766208610	oracle-cdc-test-hammerdb-run-53c877573c0e	53.9295984352546
1766208620	oracle-cdc-test-hammerdb-run-53c877573c0e	51.44322987464128
1766208630	oracle-cdc-test-hammerdb-run-53c877573c0e	27.874293314276592
1766208640	oracle-cdc-test-hammerdb-run-53c877573c0e	37.51084722005919
1766208650	oracle-cdc-test-hammerdb-run-53c877573c0e	31.85383133740886
1766208660	oracle-cdc-test-hammerdb-run-53c877573c0e	36.35072746064554
1766208670	oracle-cdc-test-hammerdb-run-53c877573c0e	53.076756218905444
1766208680	oracle-cdc-test-hammerdb-run-53c877573c0e	49.205349211211534
1766208690	oracle-cdc-test-hammerdb-run-53c877573c0e	32.27882243425645
1766208700	oracle-cdc-test-hammerdb-run-53c877573c0e	20.925764984227087
1766208710	oracle-cdc-test-hammerdb-run-53c877573c0e	34.231756811712046
1766208720	oracle-cdc-test-hammerdb-run-53c877573c0e	35.25049828713797
1766208730	oracle-cdc-test-hammerdb-run-53c877573c0e	19.27614339683305
1766208740	oracle-cdc-test-hammerdb-run-53c877573c0e	0.03644187691573919
1766208750	oracle-cdc-test-hammerdb-run-53c877573c0e	0.026023310394192496
1766208760	oracle-cdc-test-hammerdb-run-53c877573c0e	0.022925486043528683
1766208770	oracle-cdc-test-hammerdb-run-53c877573c0e	0.025334355767628866
1766208270	oracle-cdc-test-prometheus-1	1.0855857264957265
1766208280	oracle-cdc-test-prometheus-1	1.1579841173713286
1766208290	oracle-cdc-test-prometheus-1	1.2486715547146012
1766208300	oracle-cdc-test-prometheus-1	1.096244807304734
1766208310	oracle-cdc-test-prometheus-1	1.0434876288289583
1766208320	oracle-cdc-test-prometheus-1	1.097539880837978
1766208330	oracle-cdc-test-prometheus-1	1.1602931488801058
1766208340	oracle-cdc-test-prometheus-1	1.1958257219479964
1766208350	oracle-cdc-test-prometheus-1	1.1434735490085899
1766208360	oracle-cdc-test-prometheus-1	1.3694891474787492
1766208370	oracle-cdc-test-prometheus-1	1.2590339004097855
1766208380	oracle-cdc-test-prometheus-1	1.108508665860541
1766208390	oracle-cdc-test-prometheus-1	1.1207674115152502
1766208400	oracle-cdc-test-prometheus-1	1.1633798235270194
1766208410	oracle-cdc-test-prometheus-1	1.0802827965435977
1766208420	oracle-cdc-test-prometheus-1	1.1103681133163144
1766208430	oracle-cdc-test-prometheus-1	1.0214805685013295
1766208440	oracle-cdc-test-prometheus-1	1.0706957358127598
1766208450	oracle-cdc-test-prometheus-1	1.0850582044331056
1766208460	oracle-cdc-test-prometheus-1	1.1194456916608837
1766208470	oracle-cdc-test-prometheus-1	1.178633439268273
1766208480	oracle-cdc-test-prometheus-1	1.2551708778749595
1766208490	oracle-cdc-test-prometheus-1	1.1052569234539669
1766208500	oracle-cdc-test-prometheus-1	1.0806515822399165
1766208510	oracle-cdc-test-prometheus-1	1.171489310496973
1766208520	oracle-cdc-test-prometheus-1	1.2012704101951424
1766208530	oracle-cdc-test-prometheus-1	1.0483438957311964
1766208540	oracle-cdc-test-prometheus-1	0.9675158985632398
1766208550	oracle-cdc-test-prometheus-1	1.0260651531643588
1766208560	oracle-cdc-test-prometheus-1	1.0423473994111867
1766208570	oracle-cdc-test-prometheus-1	1.0371996951830913
1766208580	oracle-cdc-test-prometheus-1	1.1102931870913313
1766208590	oracle-cdc-test-prometheus-1	1.179830858085809
1766208600	oracle-cdc-test-prometheus-1	1.209777890167321
1766208610	oracle-cdc-test-prometheus-1	1.022055098163394
1766208620	oracle-cdc-test-prometheus-1	1.0020531494537843
1766208630	oracle-cdc-test-prometheus-1	1.073944916970433
1766208640	oracle-cdc-test-prometheus-1	1.029024489795919
1766208650	oracle-cdc-test-prometheus-1	1.0417240418673133
1766208660	oracle-cdc-test-prometheus-1	1.0599185170095722
1766208670	oracle-cdc-test-prometheus-1	0.9658190327613104
1766208680	oracle-cdc-test-prometheus-1	0.9867915690866493
1766208690	oracle-cdc-test-prometheus-1	1.020028290896986
1766208700	oracle-cdc-test-prometheus-1	1.039998465139478
1766208710	oracle-cdc-test-prometheus-1	1.1683568035996992
1766208720	oracle-cdc-test-prometheus-1	1.0631041847955087
1766208730	oracle-cdc-test-prometheus-1	1.0741223393752724
1766208740	oracle-cdc-test-prometheus-1	1.1741006913252352
1766208750	oracle-cdc-test-prometheus-1	1.1361544058514912
1766208760	oracle-cdc-test-prometheus-1	1.2168218220252844
1766208770	oracle-cdc-test-prometheus-1	1.220065917022102
1766208780	oracle-cdc-test-prometheus-1	1.2370687297307847
1766208790	oracle-cdc-test-prometheus-1	1.031206478958522
1766208800	oracle-cdc-test-prometheus-1	1.341633805155452
1766208810	oracle-cdc-test-prometheus-1	1.266623751560549
1766208820	oracle-cdc-test-prometheus-1	1.3170222349617127
1766208830	oracle-cdc-test-prometheus-1	1.0409740496336153
1766208840	oracle-cdc-test-prometheus-1	1.052025173471034
1766208850	oracle-cdc-test-prometheus-1	1.1353890379455742
1766208860	oracle-cdc-test-prometheus-1	1.3039781222947995
1766208870	oracle-cdc-test-prometheus-1	1.2620649198279226
1766208880	oracle-cdc-test-prometheus-1	1.1589038321315734
1766208890	oracle-cdc-test-prometheus-1	0.9297893719806762
1766208900	oracle-cdc-test-prometheus-1	1.0206527511131078
1766208910	oracle-cdc-test-prometheus-1	1.138060893975385
1766208920	oracle-cdc-test-prometheus-1	1.1373042011406558
1766208930	oracle-cdc-test-prometheus-1	1.1468930944701334
1766208940	oracle-cdc-test-prometheus-1	1.2169842484792333
1766208950	oracle-cdc-test-prometheus-1	1.1085794317727073
1766208960	oracle-cdc-test-prometheus-1	0.9945203766980586
1766208970	oracle-cdc-test-prometheus-1	0.9580532127286788
1766208980	oracle-cdc-test-prometheus-1	1.0281693509807022
1766208990	oracle-cdc-test-prometheus-1	1.1762960314622828
1766209000	oracle-cdc-test-prometheus-1	1.1598406633607032
1766209010	oracle-cdc-test-prometheus-1	1.19009119310985
1766209020	oracle-cdc-test-prometheus-1	1.1090679998374193
1766209030	oracle-cdc-test-prometheus-1	1.1510584843492584
1766209040	oracle-cdc-test-prometheus-1	1.2233554016302484
1766209050	oracle-cdc-test-prometheus-1	1.2404538188623315
1766209060	oracle-cdc-test-prometheus-1	1.2846765824974005
1766209070	oracle-cdc-test-prometheus-1	1.085018567228837
1766209080	oracle-cdc-test-prometheus-1	1.1106104591732455
1766209090	oracle-cdc-test-prometheus-1	1.0126043981304116
1766209100	oracle-cdc-test-prometheus-1	1.0552060869919013
1766209110	oracle-cdc-test-prometheus-1	1.0732200313505433
1766209120	oracle-cdc-test-prometheus-1	1.0786929066749356
1766209130	oracle-cdc-test-prometheus-1	1.1465549194843694
1766209140	oracle-cdc-test-prometheus-1	1.1882595179458155
1766209150	oracle-cdc-test-prometheus-1	1.1271842355175703
1766209160	oracle-cdc-test-prometheus-1	1.2216787313276702
1766209170	oracle-cdc-test-prometheus-1	1.0533800336854948
1766209180	oracle-cdc-test-prometheus-1	1.099754478842983
1766209190	oracle-cdc-test-prometheus-1	1.1592230676812165
1766209200	oracle-cdc-test-prometheus-1	1.083549273655283
1766209210	oracle-cdc-test-prometheus-1	1.0264096573208772
1766209220	oracle-cdc-test-prometheus-1	1.2060445835624556
1766209230	oracle-cdc-test-prometheus-1	1.145042379657765
1766209240	oracle-cdc-test-prometheus-1	1.1777225847190094
1766209250	oracle-cdc-test-prometheus-1	1.0745415536574523
1766209260	oracle-cdc-test-prometheus-1	1.0215626381576306
1766209270	oracle-cdc-test-prometheus-1	1.0137555110220422
1766209280	oracle-cdc-test-prometheus-1	1.0603895313451024
1766209290	oracle-cdc-test-prometheus-1	1.005623605838843
1766209300	oracle-cdc-test-prometheus-1	1.0977988599009665
1766209310	oracle-cdc-test-prometheus-1	1.169438762987809
1766209320	oracle-cdc-test-prometheus-1	1.1597043601003771
1766208800	oracle-cdc-test-hammerdb-run-fe11bfc68d80	4.69254873133451
1766208810	oracle-cdc-test-hammerdb-run-fe11bfc68d80	4.82923643459777
1766208820	oracle-cdc-test-hammerdb-run-fe11bfc68d80	5.506936016591136
1766208830	oracle-cdc-test-hammerdb-run-fe11bfc68d80	2.0151435387019823
1766208840	oracle-cdc-test-hammerdb-run-fe11bfc68d80	1.9078531728577715
1766208850	oracle-cdc-test-hammerdb-run-fe11bfc68d80	1.2476876005177893
1766208860	oracle-cdc-test-hammerdb-run-fe11bfc68d80	1.0549467327135786
1766208870	oracle-cdc-test-hammerdb-run-fe11bfc68d80	1.0670851440527929
1766208880	oracle-cdc-test-hammerdb-run-fe11bfc68d80	1.985608061435944
1766208890	oracle-cdc-test-hammerdb-run-fe11bfc68d80	1.7284145776323625
1766208900	oracle-cdc-test-hammerdb-run-fe11bfc68d80	0.8174432114097987
1766208910	oracle-cdc-test-hammerdb-run-fe11bfc68d80	1.353367088607595
1766208920	oracle-cdc-test-hammerdb-run-fe11bfc68d80	1.4550618470037227
1766208930	oracle-cdc-test-hammerdb-run-fe11bfc68d80	1.027766997980437
1766208940	oracle-cdc-test-hammerdb-run-fe11bfc68d80	1.4210372620021017
1766208950	oracle-cdc-test-hammerdb-run-fe11bfc68d80	1.9052949354518376
1766208960	oracle-cdc-test-hammerdb-run-fe11bfc68d80	2.281845297275801
1766208970	oracle-cdc-test-hammerdb-run-fe11bfc68d80	2.453020951762222
1766208980	oracle-cdc-test-hammerdb-run-fe11bfc68d80	1.2435920035255
1766208990	oracle-cdc-test-hammerdb-run-fe11bfc68d80	0.6005921052631568
1766209000	oracle-cdc-test-hammerdb-run-fe11bfc68d80	0.428651663328227
1766209010	oracle-cdc-test-hammerdb-run-fe11bfc68d80	1.1580899923048893
1766209020	oracle-cdc-test-hammerdb-run-fe11bfc68d80	2.3217210755694437
1766209030	oracle-cdc-test-hammerdb-run-fe11bfc68d80	2.0248990006378924
1766209040	oracle-cdc-test-hammerdb-run-fe11bfc68d80	2.1634678662168363
1766209050	oracle-cdc-test-hammerdb-run-fe11bfc68d80	0.7298979337814311
1766209060	oracle-cdc-test-hammerdb-run-fe11bfc68d80	0.32756859977583214
1766209070	oracle-cdc-test-hammerdb-run-fe11bfc68d80	1.2141237695659204
1766209080	oracle-cdc-test-hammerdb-run-fe11bfc68d80	1.9543195749897824
1766209090	oracle-cdc-test-hammerdb-run-fe11bfc68d80	1.7267889908256884
1766209100	oracle-cdc-test-hammerdb-run-fe11bfc68d80	1.5495718248703398
1766209110	oracle-cdc-test-hammerdb-run-fe11bfc68d80	1.6941950254161624
1766209120	oracle-cdc-test-hammerdb-run-fe11bfc68d80	1.8723730297723291
1766209130	oracle-cdc-test-hammerdb-run-fe11bfc68d80	1.2738612937103746
1766209140	oracle-cdc-test-hammerdb-run-fe11bfc68d80	0.6765005617075923
1766209150	oracle-cdc-test-hammerdb-run-fe11bfc68d80	0.5873876103274774
1766209160	oracle-cdc-test-hammerdb-run-fe11bfc68d80	1.9187733793727135
1766209170	oracle-cdc-test-hammerdb-run-fe11bfc68d80	1.8326304952911117
1766209180	oracle-cdc-test-hammerdb-run-fe11bfc68d80	1.8416402302902102
1766209190	oracle-cdc-test-hammerdb-run-fe11bfc68d80	0.6241921921921909
1766209200	oracle-cdc-test-hammerdb-run-fe11bfc68d80	0.5156760624975149
1766209210	oracle-cdc-test-hammerdb-run-fe11bfc68d80	1.0690808678501011
1766209220	oracle-cdc-test-hammerdb-run-fe11bfc68d80	1.090722273810004
1766209230	oracle-cdc-test-hammerdb-run-fe11bfc68d80	1.1777344535112748
1766209240	oracle-cdc-test-hammerdb-run-fe11bfc68d80	1.7828757364550054
1766209250	oracle-cdc-test-hammerdb-run-fe11bfc68d80	1.9592612223264145
1766209260	oracle-cdc-test-hammerdb-run-fe11bfc68d80	1.550886248149482
1766209270	oracle-cdc-test-hammerdb-run-fe11bfc68d80	1.8112532667628807
1766209280	oracle-cdc-test-hammerdb-run-fe11bfc68d80	1.9538793799451042
1766209290	oracle-cdc-test-hammerdb-run-fe11bfc68d80	2.2576681007010806
1766209300	oracle-cdc-test-hammerdb-run-fe11bfc68d80	2.1525636838667506
1766209310	oracle-cdc-test-hammerdb-run-fe11bfc68d80	1.4218384886327202
1766209320	oracle-cdc-test-hammerdb-run-fe11bfc68d80	0.5680972957123583
